timestamp,timeIntervalSince1970,x,y,z
"2020-04-27 09:54:00.329 +0000",1587981240.329385,0.053584,0.066835,0.000315
"2020-04-27 09:54:00.339 +0000",1587981240.339394,0.026993,0.122712,0.016852
"2020-04-27 09:54:00.349 +0000",1587981240.349374,0.013764,0.153992,0.035446
"2020-04-27 09:54:00.359 +0000",1587981240.359353,-0.000499,0.166345,0.035690
"2020-04-27 09:54:00.369 +0000",1587981240.369363,-0.028389,0.148811,0.022371
"2020-04-27 09:54:00.379 +0000",1587981240.379342,-0.042906,0.071946,0.011625
"2020-04-27 09:54:00.389 +0000",1587981240.389352,-0.034447,-0.064546,0.011484
"2020-04-27 09:54:00.399 +0000",1587981240.399330,-0.041310,-0.213477,0.004363
"2020-04-27 09:54:00.409 +0000",1587981240.409340,-0.037858,-0.319675,-0.002031
"2020-04-27 09:54:00.419 +0000",1587981240.419319,-0.024742,-0.380761,-0.003169
"2020-04-27 09:54:00.429 +0000",1587981240.429329,-0.019861,-0.385027,-0.006776
"2020-04-27 09:54:00.439 +0000",1587981240.439308,-0.023895,-0.333682,-0.004510
"2020-04-27 09:54:00.449 +0000",1587981240.449318,-0.029484,-0.247861,0.004218
"2020-04-27 09:54:00.459 +0000",1587981240.459298,-0.027890,-0.148575,0.022646
"2020-04-27 09:54:00.469 +0000",1587981240.469276,-0.023336,-0.035034,0.040761
"2020-04-27 09:54:00.479 +0000",1587981240.479286,-0.013497,0.075716,0.056658
"2020-04-27 09:54:00.489 +0000",1587981240.489265,-0.001051,0.166560,0.055699
"2020-04-27 09:54:00.499 +0000",1587981240.499274,-0.000822,0.249567,0.047586
"2020-04-27 09:54:00.509 +0000",1587981240.509254,-0.011145,0.332186,0.028362
"2020-04-27 09:54:00.519 +0000",1587981240.519263,-0.024698,0.390365,0.037355
"2020-04-27 09:54:00.529 +0000",1587981240.529241,-0.008037,0.355907,0.074513
"2020-04-27 09:54:00.539 +0000",1587981240.539253,0.020189,0.232885,0.091938
"2020-04-27 09:54:00.549 +0000",1587981240.549232,0.037495,0.073999,0.075310
"2020-04-27 09:54:00.559 +0000",1587981240.559242,0.043520,-0.080712,0.036444
"2020-04-27 09:54:00.569 +0000",1587981240.569220,0.039770,-0.197820,-0.003447
"2020-04-27 09:54:00.579 +0000",1587981240.579199,0.036820,-0.247889,-0.024122
"2020-04-27 09:54:00.589 +0000",1587981240.589209,0.029640,-0.238994,-0.029589
"2020-04-27 09:54:00.599 +0000",1587981240.599188,0.030700,-0.186199,-0.028475
"2020-04-27 09:54:00.609 +0000",1587981240.609198,0.031156,-0.113547,-0.027286
"2020-04-27 09:54:00.619 +0000",1587981240.619177,0.028241,-0.036685,-0.022652
"2020-04-27 09:54:00.629 +0000",1587981240.629186,0.025740,0.039895,-0.016956
"2020-04-27 09:54:00.639 +0000",1587981240.639166,0.019679,0.103024,-0.006608
"2020-04-27 09:54:00.649 +0000",1587981240.649175,0.022497,0.135434,-0.003545
"2020-04-27 09:54:00.659 +0000",1587981240.659154,0.026349,0.125654,-0.010112
"2020-04-27 09:54:00.669 +0000",1587981240.669163,0.018790,0.103816,-0.009991
"2020-04-27 09:54:00.679 +0000",1587981240.679143,0.013794,0.083825,-0.000428
"2020-04-27 09:54:00.689 +0000",1587981240.689122,0.019510,0.048460,0.007381
"2020-04-27 09:54:00.699 +0000",1587981240.699131,0.024828,-0.002261,0.008505
"2020-04-27 09:54:00.709 +0000",1587981240.709110,0.024658,-0.039026,0.009280
"2020-04-27 09:54:00.719 +0000",1587981240.719119,0.020504,-0.049817,0.009821
"2020-04-27 09:54:00.729 +0000",1587981240.729097,0.015869,-0.050622,0.015394
"2020-04-27 09:54:00.739 +0000",1587981240.739107,0.015682,-0.048369,0.019156
"2020-04-27 09:54:00.749 +0000",1587981240.749085,0.014773,-0.045203,0.028027
"2020-04-27 09:54:00.759 +0000",1587981240.759094,0.018788,-0.032792,0.039406
"2020-04-27 09:54:00.769 +0000",1587981240.769073,0.018359,-0.009015,0.042481
"2020-04-27 09:54:00.779 +0000",1587981240.779083,0.014838,0.021095,0.040475
"2020-04-27 09:54:00.789 +0000",1587981240.789062,0.013684,0.049370,0.037999
"2020-04-27 09:54:00.799 +0000",1587981240.799042,0.008710,0.068063,0.035889
"2020-04-27 09:54:00.809 +0000",1587981240.809051,0.009960,0.065108,0.035916
"2020-04-27 09:54:00.819 +0000",1587981240.819030,0.016445,0.055337,0.037038
"2020-04-27 09:54:00.829 +0000",1587981240.829040,0.022466,0.034230,0.040870
"2020-04-27 09:54:00.839 +0000",1587981240.839019,0.027369,0.014066,0.045042
"2020-04-27 09:54:00.849 +0000",1587981240.849029,0.029140,-0.014754,0.050516
"2020-04-27 09:54:00.859 +0000",1587981240.859008,0.030025,-0.033405,0.052178
"2020-04-27 09:54:00.869 +0000",1587981240.869017,0.036011,-0.038723,0.052211
"2020-04-27 09:54:00.879 +0000",1587981240.878996,0.040721,-0.026860,0.052144
"2020-04-27 09:54:00.889 +0000",1587981240.889007,0.042452,-0.005074,0.055819
"2020-04-27 09:54:00.899 +0000",1587981240.898985,0.043247,0.012769,0.064539
"2020-04-27 09:54:00.909 +0000",1587981240.908965,0.042560,0.025070,0.067240
"2020-04-27 09:54:00.919 +0000",1587981240.918974,0.039830,0.027816,0.066466
"2020-04-27 09:54:00.929 +0000",1587981240.928954,0.037808,0.026221,0.067782
"2020-04-27 09:54:00.939 +0000",1587981240.938963,0.038526,0.019390,0.065324
"2020-04-27 09:54:00.949 +0000",1587981240.948943,0.033878,0.001092,0.062263
"2020-04-27 09:54:00.959 +0000",1587981240.958951,0.028498,-0.023518,0.057045
"2020-04-27 09:54:00.969 +0000",1587981240.968931,0.026952,-0.047390,0.048952
"2020-04-27 09:54:00.979 +0000",1587981240.978940,0.026164,-0.056977,0.043256
"2020-04-27 09:54:00.989 +0000",1587981240.988920,0.032643,-0.054009,0.038241
"2020-04-27 09:54:00.999 +0000",1587981240.998930,0.028934,-0.055746,0.030557
"2020-04-27 09:54:01.009 +0000",1587981241.008909,0.018457,-0.064492,0.033603
"2020-04-27 09:54:01.019 +0000",1587981241.018888,0.011397,-0.067718,0.049234
"2020-04-27 09:54:01.029 +0000",1587981241.028898,0.006297,-0.071146,0.066222
"2020-04-27 09:54:01.039 +0000",1587981241.038876,-0.005519,-0.087610,0.073971
"2020-04-27 09:54:01.049 +0000",1587981241.048887,-0.015711,-0.130394,0.066567
"2020-04-27 09:54:01.059 +0000",1587981241.058865,-0.020885,-0.200835,0.053388
"2020-04-27 09:54:01.069 +0000",1587981241.068875,-0.027618,-0.292990,0.048537
"2020-04-27 09:54:01.079 +0000",1587981241.078853,-0.039469,-0.399506,0.061942
"2020-04-27 09:54:01.089 +0000",1587981241.088863,-0.049740,-0.505235,0.080792
"2020-04-27 09:54:01.099 +0000",1587981241.098843,-0.056821,-0.628875,0.088125
"2020-04-27 09:54:01.109 +0000",1587981241.108852,-0.067400,-0.752215,0.088478
"2020-04-27 09:54:01.119 +0000",1587981241.118831,-0.075999,-0.858259,0.105177
"2020-04-27 09:54:01.129 +0000",1587981241.128810,-0.093692,-0.959071,0.156835
"2020-04-27 09:54:01.139 +0000",1587981241.138820,-0.115036,-1.088440,0.236061
"2020-04-27 09:54:01.149 +0000",1587981241.148799,-0.132573,-1.295391,0.330820
"2020-04-27 09:54:01.159 +0000",1587981241.158809,-0.141968,-1.579187,0.419365
"2020-04-27 09:54:01.169 +0000",1587981241.168788,-0.156739,-1.901812,0.496625
"2020-04-27 09:54:01.179 +0000",1587981241.178797,-0.177131,-2.186076,0.570910
"2020-04-27 09:54:01.189 +0000",1587981241.188777,-0.209205,-2.412499,0.631848
"2020-04-27 09:54:01.199 +0000",1587981241.198786,-0.252437,-2.534483,0.685988
"2020-04-27 09:54:01.209 +0000",1587981241.208765,-0.282042,-2.503290,0.743170
"2020-04-27 09:54:01.219 +0000",1587981241.218775,-0.319981,-2.360827,0.797824
"2020-04-27 09:54:01.229 +0000",1587981241.228754,-0.404909,-2.132168,0.852657
"2020-04-27 09:54:01.239 +0000",1587981241.238733,-0.539060,-1.820777,0.904194
"2020-04-27 09:54:01.249 +0000",1587981241.248743,-0.700049,-1.471860,0.954673
"2020-04-27 09:54:01.259 +0000",1587981241.258721,-0.864936,-1.186246,1.003116
"2020-04-27 09:54:01.269 +0000",1587981241.268731,-1.027499,-1.037113,1.040357
"2020-04-27 09:54:01.279 +0000",1587981241.278710,-1.167055,-1.060833,1.060863
"2020-04-27 09:54:01.289 +0000",1587981241.288720,-1.297866,-1.207969,1.079656
"2020-04-27 09:54:01.299 +0000",1587981241.298699,-1.428256,-1.419495,1.118080
"2020-04-27 09:54:01.309 +0000",1587981241.308709,-1.568488,-1.710111,1.160753
"2020-04-27 09:54:01.319 +0000",1587981241.318688,-1.685341,-2.115200,1.168678
"2020-04-27 09:54:01.329 +0000",1587981241.328697,-1.769635,-2.603096,1.126638
"2020-04-27 09:54:01.339 +0000",1587981241.338677,-1.856112,-3.051330,1.063370
"2020-04-27 09:54:01.349 +0000",1587981241.348656,-1.970716,-3.367322,1.030007
"2020-04-27 09:54:01.359 +0000",1587981241.358666,-2.099209,-3.566983,1.032915
"2020-04-27 09:54:01.369 +0000",1587981241.368645,-2.232054,-3.723582,1.061654
"2020-04-27 09:54:01.379 +0000",1587981241.378654,-2.335350,-3.845198,1.113084
"2020-04-27 09:54:01.389 +0000",1587981241.388633,-2.421456,-3.954880,1.201879
"2020-04-27 09:54:01.399 +0000",1587981241.398643,-2.495051,-3.986766,1.331610
"2020-04-27 09:54:01.409 +0000",1587981241.408622,-2.558100,-3.948454,1.475898
"2020-04-27 09:54:01.419 +0000",1587981241.418632,-2.594133,-3.922665,1.598622
"2020-04-27 09:54:01.429 +0000",1587981241.428612,-2.591224,-3.921240,1.639988
"2020-04-27 09:54:01.439 +0000",1587981241.438622,-2.583864,-3.919834,1.599940
"2020-04-27 09:54:01.449 +0000",1587981241.448600,-2.611720,-3.886810,1.518202
"2020-04-27 09:54:01.459 +0000",1587981241.458579,-2.678457,-3.787514,1.444427
"2020-04-27 09:54:01.469 +0000",1587981241.468589,-2.768082,-3.625399,1.360915
"2020-04-27 09:54:01.479 +0000",1587981241.478567,-2.848239,-3.459821,1.277265
"2020-04-27 09:54:01.489 +0000",1587981241.488577,-2.938702,-3.249346,1.247246
"2020-04-27 09:54:01.499 +0000",1587981241.498556,-2.971946,-3.064161,1.218719
"2020-04-27 09:54:01.509 +0000",1587981241.508566,-2.817721,-2.972050,1.071524
"2020-04-27 09:54:01.519 +0000",1587981241.518545,-2.509346,-2.968655,0.753240
"2020-04-27 09:54:01.529 +0000",1587981241.528554,-2.171980,-3.004646,0.333953
"2020-04-27 09:54:01.539 +0000",1587981241.538533,-1.838067,-2.986396,-0.088792
"2020-04-27 09:54:01.549 +0000",1587981241.548543,-1.510568,-2.782562,-0.470957
"2020-04-27 09:54:01.559 +0000",1587981241.558522,-1.201616,-2.397573,-0.825285
"2020-04-27 09:54:01.569 +0000",1587981241.568501,-0.936003,-1.884005,-1.157216
"2020-04-27 09:54:01.579 +0000",1587981241.578511,-0.671308,-1.332042,-1.396937
"2020-04-27 09:54:01.588 +0000",1587981241.588490,-0.420382,-0.783270,-1.515879
"2020-04-27 09:54:01.598 +0000",1587981241.598500,-0.106785,-0.314670,-1.609003
"2020-04-27 09:54:01.608 +0000",1587981241.608478,0.242791,0.058667,-1.731580
"2020-04-27 09:54:01.618 +0000",1587981241.618488,0.570910,0.272739,-1.898003
"2020-04-27 09:54:01.628 +0000",1587981241.628467,0.879130,0.277654,-2.148976
"2020-04-27 09:54:01.638 +0000",1587981241.638477,1.157400,0.106130,-2.479280
"2020-04-27 09:54:01.648 +0000",1587981241.648456,1.382752,-0.164581,-2.837166
"2020-04-27 09:54:01.658 +0000",1587981241.658465,1.553018,-0.418308,-3.149721
"2020-04-27 09:54:01.668 +0000",1587981241.668445,1.720021,-0.542864,-3.361406
"2020-04-27 09:54:01.678 +0000",1587981241.678424,1.905246,-0.466680,-3.448200
"2020-04-27 09:54:01.688 +0000",1587981241.688433,2.097487,-0.236860,-3.452925
"2020-04-27 09:54:01.698 +0000",1587981241.698412,2.231133,0.075282,-3.402419
"2020-04-27 09:54:01.708 +0000",1587981241.708423,2.269330,0.405212,-3.336860
"2020-04-27 09:54:01.718 +0000",1587981241.718402,2.246219,0.664437,-3.328953
"2020-04-27 09:54:01.728 +0000",1587981241.728412,2.207479,0.805420,-3.381290
"2020-04-27 09:54:01.738 +0000",1587981241.738398,2.217171,0.828541,-3.439895
"2020-04-27 09:54:01.748 +0000",1587981241.748407,2.310755,0.834887,-3.445624
"2020-04-27 09:54:01.758 +0000",1587981241.758387,2.498804,0.896693,-3.356032
"2020-04-27 09:54:01.768 +0000",1587981241.768396,2.720541,1.016088,-3.171451
"2020-04-27 09:54:01.778 +0000",1587981241.778375,2.869092,1.109668,-2.936918
"2020-04-27 09:54:01.788 +0000",1587981241.788355,2.916143,1.169726,-2.749037
"2020-04-27 09:54:01.798 +0000",1587981241.798365,2.896280,1.210806,-2.677561
"2020-04-27 09:54:01.808 +0000",1587981241.808343,2.887165,1.280431,-2.664451
"2020-04-27 09:54:01.818 +0000",1587981241.818353,2.927982,1.429067,-2.610500
"2020-04-27 09:54:01.828 +0000",1587981241.828332,3.048696,1.649901,-2.469098
"2020-04-27 09:54:01.838 +0000",1587981241.838341,3.236968,1.862603,-2.273505
"2020-04-27 09:54:01.848 +0000",1587981241.848320,3.428368,1.989866,-2.075648
"2020-04-27 09:54:01.858 +0000",1587981241.858330,3.547266,2.017097,-1.888192
"2020-04-27 09:54:01.868 +0000",1587981241.868310,3.635715,1.978551,-1.700939
"2020-04-27 09:54:01.878 +0000",1587981241.878319,3.722883,1.976876,-1.491523
"2020-04-27 09:54:01.888 +0000",1587981241.888298,3.814514,2.002384,-1.265531
"2020-04-27 09:54:01.898 +0000",1587981241.898277,3.920436,2.012027,-1.034901
"2020-04-27 09:54:01.908 +0000",1587981241.908287,4.056874,2.001476,-0.767100
"2020-04-27 09:54:01.918 +0000",1587981241.918265,4.180891,2.075305,-0.433001
"2020-04-27 09:54:01.928 +0000",1587981241.928275,3.419465,3.168726,-0.016684
"2020-04-27 09:54:01.938 +0000",1587981241.938254,-1.195558,3.793439,-0.544767
"2020-04-27 09:54:01.948 +0000",1587981241.948264,-5.574255,0.625552,-1.131359
"2020-04-27 09:54:01.958 +0000",1587981241.958243,-1.663744,-2.351603,-1.759657
"2020-04-27 09:54:01.968 +0000",1587981241.968253,1.589831,1.429608,-1.155655
"2020-04-27 09:54:01.978 +0000",1587981241.978231,0.868565,3.162353,-0.558204
"2020-04-27 09:54:01.988 +0000",1587981241.988241,0.068431,1.268220,0.261671
"2020-04-27 09:54:01.998 +0000",1587981241.998221,0.465304,-0.437864,1.016407
"2020-04-27 09:54:02.008 +0000",1587981242.008201,0.922930,-0.280966,1.373257
"2020-04-27 09:54:02.018 +0000",1587981242.018209,0.703849,-0.138596,1.343484
"2020-04-27 09:54:02.028 +0000",1587981242.028188,0.240427,-0.551252,1.025329
"2020-04-27 09:54:02.038 +0000",1587981242.038197,-0.159546,-1.175233,0.647597
"2020-04-27 09:54:02.048 +0000",1587981242.048178,-0.471351,-1.672518,0.381866
"2020-04-27 09:54:02.058 +0000",1587981242.058186,-0.806446,-1.816294,0.242913
"2020-04-27 09:54:02.068 +0000",1587981242.068166,-1.153987,-1.755109,0.162538
"2020-04-27 09:54:02.078 +0000",1587981242.078175,-1.422436,-1.671354,0.120390
"2020-04-27 09:54:02.088 +0000",1587981242.088155,-1.533714,-1.382631,0.196758
"2020-04-27 09:54:02.098 +0000",1587981242.098134,-1.562496,-0.742801,0.433763
"2020-04-27 09:54:02.108 +0000",1587981242.108144,-1.719660,0.050539,0.751210
"2020-04-27 09:54:02.118 +0000",1587981242.118123,-2.099280,0.696891,0.985121
"2020-04-27 09:54:02.128 +0000",1587981242.128132,-2.554872,1.075144,1.046340
"2020-04-27 09:54:02.138 +0000",1587981242.138112,-2.898833,1.108354,0.999595
"2020-04-27 09:54:02.148 +0000",1587981242.148121,-3.097308,0.911979,0.956928
"2020-04-27 09:54:02.158 +0000",1587981242.158100,-3.224339,0.486639,0.927230
"2020-04-27 09:54:02.168 +0000",1587981242.168110,-3.312366,-0.185806,0.859605
"2020-04-27 09:54:02.178 +0000",1587981242.178088,-3.397501,-1.061974,0.742931
"2020-04-27 09:54:02.188 +0000",1587981242.188098,-3.474852,-2.002341,0.648169
"2020-04-27 09:54:02.198 +0000",1587981242.198078,-3.500601,-2.810110,0.672380
"2020-04-27 09:54:02.208 +0000",1587981242.208056,-3.535449,-3.351161,0.786987
"2020-04-27 09:54:02.218 +0000",1587981242.218066,-3.586805,-3.667118,0.921327
"2020-04-27 09:54:02.228 +0000",1587981242.228045,-3.661339,-3.788344,1.039797
"2020-04-27 09:54:02.238 +0000",1587981242.238056,-3.792203,-3.743639,1.119675
"2020-04-27 09:54:02.248 +0000",1587981242.248033,-3.933445,-3.576781,1.139537
"2020-04-27 09:54:02.258 +0000",1587981242.258044,-4.009897,-3.342267,1.131591
"2020-04-27 09:54:02.268 +0000",1587981242.268022,-4.024721,-3.045958,1.113648
"2020-04-27 09:54:02.278 +0000",1587981242.278033,-4.009262,-2.756571,1.056001
"2020-04-27 09:54:02.288 +0000",1587981242.288012,-3.933860,-2.475391,0.936524
"2020-04-27 09:54:02.298 +0000",1587981242.298021,-3.773613,-2.120767,0.727918
"2020-04-27 09:54:02.308 +0000",1587981242.308000,-3.590890,-1.724160,0.432195
"2020-04-27 09:54:02.318 +0000",1587981242.317980,-3.440125,-1.317357,0.115674
"2020-04-27 09:54:02.328 +0000",1587981242.327988,-3.276527,-0.865964,-0.111535
"2020-04-27 09:54:02.338 +0000",1587981242.337968,-3.062096,-0.369084,-0.221092
"2020-04-27 09:54:02.348 +0000",1587981242.347977,-2.786229,0.061468,-0.318461
"2020-04-27 09:54:02.358 +0000",1587981242.357957,-2.439266,0.320433,-0.498016
"2020-04-27 09:54:02.368 +0000",1587981242.367966,-2.017370,0.434453,-0.750120
"2020-04-27 09:54:02.378 +0000",1587981242.377946,-1.516547,0.484059,-1.001075
"2020-04-27 09:54:02.388 +0000",1587981242.387955,-0.969753,0.495854,-1.201714
"2020-04-27 09:54:02.398 +0000",1587981242.397935,-0.458503,0.512403,-1.316156
"2020-04-27 09:54:02.408 +0000",1587981242.407943,-0.001822,0.563936,-1.330126
"2020-04-27 09:54:02.418 +0000",1587981242.417924,0.380006,0.674931,-1.263481
"2020-04-27 09:54:02.428 +0000",1587981242.427902,0.722546,0.856670,-1.179693
"2020-04-27 09:54:02.438 +0000",1587981242.437912,1.058414,1.055964,-1.127792
"2020-04-27 09:54:02.448 +0000",1587981242.447891,1.398832,1.240085,-1.091981
"2020-04-27 09:54:02.458 +0000",1587981242.457901,1.737939,1.410520,-1.037695
"2020-04-27 09:54:02.468 +0000",1587981242.467879,2.078227,1.579077,-0.947541
"2020-04-27 09:54:02.478 +0000",1587981242.477890,2.391280,1.744032,-0.845155
"2020-04-27 09:54:02.488 +0000",1587981242.487869,2.647403,1.896652,-0.756419
"2020-04-27 09:54:02.498 +0000",1587981242.497878,2.840598,2.027635,-0.695576
"2020-04-27 09:54:02.508 +0000",1587981242.507857,2.994139,2.136514,-0.650891
"2020-04-27 09:54:02.518 +0000",1587981242.517866,3.120549,2.243958,-0.597782
"2020-04-27 09:54:02.528 +0000",1587981242.527846,3.223308,2.352007,-0.521458
"2020-04-27 09:54:02.538 +0000",1587981242.537825,3.346417,2.461705,-0.423635
"2020-04-27 09:54:02.548 +0000",1587981242.547835,3.504467,2.531827,-0.310739
"2020-04-27 09:54:02.558 +0000",1587981242.557813,3.670954,2.574480,-0.179206
"2020-04-27 09:54:02.568 +0000",1587981242.567824,3.817733,2.588038,-0.041356
"2020-04-27 09:54:02.578 +0000",1587981242.577801,3.933707,2.596326,0.061579
"2020-04-27 09:54:02.588 +0000",1587981242.587811,4.025615,2.566411,0.090857
"2020-04-27 09:54:02.598 +0000",1587981242.597790,4.105655,2.485711,0.053367
"2020-04-27 09:54:02.608 +0000",1587981242.607801,4.172271,2.415068,0.008392
"2020-04-27 09:54:02.618 +0000",1587981242.617780,4.220869,2.441917,0.025558
"2020-04-27 09:54:02.628 +0000",1587981242.627789,4.280159,2.580175,0.124105
"2020-04-27 09:54:02.638 +0000",1587981242.637768,4.376010,2.794306,0.293058
"2020-04-27 09:54:02.648 +0000",1587981242.647748,4.461905,3.062892,0.517489
"2020-04-27 09:54:02.658 +0000",1587981242.657757,4.489534,3.290772,0.778700
"2020-04-27 09:54:02.668 +0000",1587981242.667736,4.418351,3.416358,1.026596
"2020-04-27 09:54:02.678 +0000",1587981242.677745,4.281939,3.327444,1.220121
"2020-04-27 09:54:02.688 +0000",1587981242.687725,4.152575,2.964752,1.341083
"2020-04-27 09:54:02.698 +0000",1587981242.697735,4.091911,2.335658,1.379383
"2020-04-27 09:54:02.708 +0000",1587981242.707715,3.615357,1.833928,1.327128
"2020-04-27 09:54:02.718 +0000",1587981242.717724,-0.854371,2.381789,0.307739
"2020-04-27 09:54:02.728 +0000",1587981242.727703,-5.922935,-3.179344,-1.328286
"2020-04-27 09:54:02.738 +0000",1587981242.737701,-4.107003,-6.521080,-2.228992
"2020-04-27 09:54:02.748 +0000",1587981242.747680,-1.039619,-2.400768,-1.674257
"2020-04-27 09:54:02.758 +0000",1587981242.757660,0.297008,0.873324,-0.898788
"2020-04-27 09:54:02.768 +0000",1587981242.767670,0.090626,1.140296,0.142382
"2020-04-27 09:54:02.778 +0000",1587981242.777648,-0.397408,-0.241908,1.067801
"2020-04-27 09:54:02.788 +0000",1587981242.787658,-0.350902,-0.737647,1.517080
"2020-04-27 09:54:02.798 +0000",1587981242.797638,-0.107752,-0.078908,1.626170
"2020-04-27 09:54:02.808 +0000",1587981242.807647,-0.247222,0.489871,1.630962
"2020-04-27 09:54:02.818 +0000",1587981242.817626,-0.512391,0.745078,1.667383
"2020-04-27 09:54:02.828 +0000",1587981242.827636,-0.605727,0.876763,1.707284
"2020-04-27 09:54:02.838 +0000",1587981242.837614,-0.631922,0.860006,1.770312
"2020-04-27 09:54:02.848 +0000",1587981242.847625,-0.749381,0.577843,1.894996
"2020-04-27 09:54:02.858 +0000",1587981242.857603,-0.976548,0.043767,2.060931
"2020-04-27 09:54:02.868 +0000",1587981242.867583,-1.237374,-0.644616,2.217329
"2020-04-27 09:54:02.878 +0000",1587981242.877592,-1.449141,-1.354096,2.332202
"2020-04-27 09:54:02.888 +0000",1587981242.887571,-1.610702,-1.972236,2.417678
"2020-04-27 09:54:02.898 +0000",1587981242.897581,-1.784815,-2.463214,2.510043
"2020-04-27 09:54:02.908 +0000",1587981242.907561,-1.996879,-2.856185,2.610165
"2020-04-27 09:54:02.918 +0000",1587981242.917570,-2.223278,-3.150391,2.709858
"2020-04-27 09:54:02.928 +0000",1587981242.927548,-2.466952,-3.326174,2.802128
"2020-04-27 09:54:02.938 +0000",1587981242.937558,-2.720682,-3.346114,2.884073
"2020-04-27 09:54:02.948 +0000",1587981242.947537,-2.973179,-3.235907,2.958468
"2020-04-27 09:54:02.958 +0000",1587981242.957547,-3.187448,-3.040274,3.026438
"2020-04-27 09:54:02.968 +0000",1587981242.967526,-3.318269,-2.821394,3.081470
"2020-04-27 09:54:02.978 +0000",1587981242.977505,-3.341820,-2.539027,3.120626
"2020-04-27 09:54:02.988 +0000",1587981242.987515,-3.327310,-2.123214,3.141939
"2020-04-27 09:54:02.997 +0000",1587981242.997495,-3.356786,-1.624390,3.138884
"2020-04-27 09:54:03.008 +0000",1587981243.007503,-3.440655,-1.178286,3.083934
"2020-04-27 09:54:03.017 +0000",1587981243.017483,-3.577275,-0.832408,2.971461
"2020-04-27 09:54:03.027 +0000",1587981243.027493,-3.742095,-0.589608,2.821563
"2020-04-27 09:54:03.037 +0000",1587981243.037472,-3.900117,-0.404540,2.650220
"2020-04-27 09:54:03.047 +0000",1587981243.047481,-4.064022,-0.277101,2.447473
"2020-04-27 09:54:03.057 +0000",1587981243.057461,-4.221675,-0.239163,2.196396
"2020-04-27 09:54:03.067 +0000",1587981243.067470,-4.322213,-0.248427,1.885045
"2020-04-27 09:54:03.077 +0000",1587981243.077448,-4.288519,-0.252955,1.502804
"2020-04-27 09:54:03.087 +0000",1587981243.087429,-4.147732,-0.172891,1.072989
"2020-04-27 09:54:03.097 +0000",1587981243.097438,-3.983990,-0.016637,0.635243
"2020-04-27 09:54:03.107 +0000",1587981243.107418,-3.806760,0.213174,0.180782
"2020-04-27 09:54:03.117 +0000",1587981243.117426,-3.634703,0.509558,-0.307729
"2020-04-27 09:54:03.127 +0000",1587981243.127406,-3.578612,0.898893,-0.803307
"2020-04-27 09:54:03.137 +0000",1587981243.137415,-3.621769,1.435803,-1.267189
"2020-04-27 09:54:03.147 +0000",1587981243.147394,-3.553363,2.082206,-1.680805
"2020-04-27 09:54:03.158 +0000",1587981243.157672,-3.317699,2.705740,-1.963099
"2020-04-27 09:54:03.167 +0000",1587981243.167383,-2.918924,3.132260,-2.149988
"2020-04-27 09:54:03.177 +0000",1587981243.177393,-2.400609,3.260649,-2.312460
"2020-04-27 09:54:03.187 +0000",1587981243.187371,-1.780004,3.129974,-2.489261
"2020-04-27 09:54:03.197 +0000",1587981243.197351,-1.123209,2.836724,-2.660011
"2020-04-27 09:54:03.207 +0000",1587981243.207361,-0.502498,2.446348,-2.765382
"2020-04-27 09:54:03.217 +0000",1587981243.217339,0.061569,1.956648,-2.778147
"2020-04-27 09:54:03.227 +0000",1587981243.227349,0.559606,1.371833,-2.738198
"2020-04-27 09:54:03.237 +0000",1587981243.237328,0.956935,0.794832,-2.699806
"2020-04-27 09:54:03.247 +0000",1587981243.247338,1.254973,0.375428,-2.679213
"2020-04-27 09:54:03.257 +0000",1587981243.257317,1.487784,0.198422,-2.653851
"2020-04-27 09:54:03.267 +0000",1587981243.267327,1.663907,0.245749,-2.607817
"2020-04-27 09:54:03.277 +0000",1587981243.277306,1.805087,0.453048,-2.537350
"2020-04-27 09:54:03.287 +0000",1587981243.287316,1.918802,0.758961,-2.453578
"2020-04-27 09:54:03.297 +0000",1587981243.297294,2.027431,1.111646,-2.343938
"2020-04-27 09:54:03.307 +0000",1587981243.307273,2.154000,1.481921,-2.208776
"2020-04-27 09:54:03.317 +0000",1587981243.317283,2.295318,1.852780,-2.050567
"2020-04-27 09:54:03.327 +0000",1587981243.327261,2.430907,2.198662,-1.873495
"2020-04-27 09:54:03.337 +0000",1587981243.337272,2.558512,2.495962,-1.701980
"2020-04-27 09:54:03.347 +0000",1587981243.347250,2.686763,2.714181,-1.568395
"2020-04-27 09:54:03.357 +0000",1587981243.357261,2.805301,2.883671,-1.476074
"2020-04-27 09:54:03.367 +0000",1587981243.367240,2.903053,3.018645,-1.388648
"2020-04-27 09:54:03.377 +0000",1587981243.377249,2.985777,3.100928,-1.265247
"2020-04-27 09:54:03.387 +0000",1587981243.387229,3.063051,3.119983,-1.097580
"2020-04-27 09:54:03.397 +0000",1587981243.397238,3.131244,3.058663,-0.898092
"2020-04-27 09:54:03.407 +0000",1587981243.407217,3.195123,2.935856,-0.692924
"2020-04-27 09:54:03.417 +0000",1587981243.417197,3.278373,2.796959,-0.508564
"2020-04-27 09:54:03.427 +0000",1587981243.427207,3.372764,2.693987,-0.346361
"2020-04-27 09:54:03.437 +0000",1587981243.437186,3.485165,2.634707,-0.201491
"2020-04-27 09:54:03.447 +0000",1587981243.447195,3.615885,2.600821,-0.055973
"2020-04-27 09:54:03.457 +0000",1587981243.457174,3.757754,2.602191,0.106804
"2020-04-27 09:54:03.467 +0000",1587981243.467184,3.902760,2.650599,0.299925
"2020-04-27 09:54:03.477 +0000",1587981243.477163,4.056173,2.725320,0.520113
"2020-04-27 09:54:03.487 +0000",1587981243.487173,4.215274,2.798312,0.757844
"2020-04-27 09:54:03.497 +0000",1587981243.497151,4.354736,2.857414,0.978972
"2020-04-27 09:54:03.507 +0000",1587981243.507162,4.490858,2.895213,1.169130
"2020-04-27 09:54:03.517 +0000",1587981243.517141,4.619892,2.928471,1.320279
"2020-04-27 09:54:03.527 +0000",1587981243.527119,4.728892,2.936233,1.416144
"2020-04-27 09:54:03.537 +0000",1587981243.537129,4.793961,2.920366,1.467050
"2020-04-27 09:54:03.547 +0000",1587981243.547107,4.715861,2.971452,1.541804
"2020-04-27 09:54:03.557 +0000",1587981243.557118,4.331652,3.086228,1.645885
"2020-04-27 09:54:03.567 +0000",1587981243.567096,4.006290,2.740631,1.627001
"2020-04-27 09:54:03.577 +0000",1587981243.577106,1.643703,4.071605,1.587769
"2020-04-27 09:54:03.587 +0000",1587981243.587085,-4.136750,1.959846,0.254077
"2020-04-27 09:54:03.597 +0000",1587981243.597095,-5.982480,-3.183106,-1.728929
"2020-04-27 09:54:03.607 +0000",1587981243.607074,-3.725402,-3.439125,-2.561861
"2020-04-27 09:54:03.617 +0000",1587981243.617083,-1.389143,0.349953,-2.336848
"2020-04-27 09:54:03.627 +0000",1587981243.627063,-0.623668,1.669142,-1.448854
"2020-04-27 09:54:03.637 +0000",1587981243.637041,-0.974123,0.501064,-0.014439
"2020-04-27 09:54:03.647 +0000",1587981243.647052,-1.356674,-0.533552,1.246839
"2020-04-27 09:54:03.657 +0000",1587981243.657031,-1.360293,-0.257166,1.792894
"2020-04-27 09:54:03.667 +0000",1587981243.667040,-1.270799,0.321817,1.657499
"2020-04-27 09:54:03.677 +0000",1587981243.677019,-1.387476,0.505269,1.213094
"2020-04-27 09:54:03.687 +0000",1587981243.687029,-1.520115,0.369376,0.842868
"2020-04-27 09:54:03.697 +0000",1587981243.697007,-1.583459,0.073853,0.703871
"2020-04-27 09:54:03.707 +0000",1587981243.707018,-1.656460,-0.314691,0.776933
"2020-04-27 09:54:03.717 +0000",1587981243.716996,-1.785938,-0.765828,0.982429
"2020-04-27 09:54:03.727 +0000",1587981243.727006,-1.973435,-1.276452,1.232453
"2020-04-27 09:54:03.737 +0000",1587981243.736984,-2.199691,-1.778852,1.431004
"2020-04-27 09:54:03.747 +0000",1587981243.746964,-2.447761,-2.184264,1.507238
"2020-04-27 09:54:03.757 +0000",1587981243.756973,-2.705316,-2.435731,1.466051
"2020-04-27 09:54:03.767 +0000",1587981243.766953,-2.942700,-2.556811,1.392115
"2020-04-27 09:54:03.777 +0000",1587981243.776963,-3.139470,-2.549511,1.375457
"2020-04-27 09:54:03.787 +0000",1587981243.786941,-3.295781,-2.433721,1.458206
"2020-04-27 09:54:03.797 +0000",1587981243.796951,-3.421560,-2.258643,1.613656
"2020-04-27 09:54:03.807 +0000",1587981243.806930,-3.507087,-2.073273,1.795968
"2020-04-27 09:54:03.817 +0000",1587981243.816941,-3.566588,-1.898378,1.989294
"2020-04-27 09:54:03.827 +0000",1587981243.826920,-3.621754,-1.767243,2.148101
"2020-04-27 09:54:03.837 +0000",1587981243.836929,-3.616781,-1.685333,2.177898
"2020-04-27 09:54:03.847 +0000",1587981243.846908,-3.556987,-1.656210,2.025825
"2020-04-27 09:54:03.857 +0000",1587981243.856886,-3.502977,-1.686072,1.771703
"2020-04-27 09:54:03.867 +0000",1587981243.866897,-3.479360,-1.751244,1.517386
"2020-04-27 09:54:03.877 +0000",1587981243.876875,-3.459621,-1.792690,1.332379
"2020-04-27 09:54:03.887 +0000",1587981243.886885,-3.407405,-1.764206,1.217367
"2020-04-27 09:54:03.897 +0000",1587981243.896864,-3.359402,-1.617170,1.140260
"2020-04-27 09:54:03.907 +0000",1587981243.906874,-3.438873,-1.361497,1.044709
"2020-04-27 09:54:03.917 +0000",1587981243.916853,-3.607037,-0.963169,0.852032
"2020-04-27 09:54:03.927 +0000",1587981243.926863,-3.666968,-0.431928,0.531733
"2020-04-27 09:54:03.937 +0000",1587981243.936841,-3.574399,0.139512,0.141142
"2020-04-27 09:54:03.947 +0000",1587981243.946851,-3.418816,0.689798,-0.241717
"2020-04-27 09:54:03.957 +0000",1587981243.956831,-3.259063,1.172445,-0.607524
"2020-04-27 09:54:03.967 +0000",1587981243.966809,-3.105377,1.568138,-0.975426
"2020-04-27 09:54:03.977 +0000",1587981243.976819,-2.986047,1.860826,-1.331553
"2020-04-27 09:54:03.987 +0000",1587981243.986798,-2.904280,2.048630,-1.591758
"2020-04-27 09:54:03.997 +0000",1587981243.996807,-2.735327,2.034571,-1.746406
"2020-04-27 09:54:04.007 +0000",1587981244.006786,-2.382974,1.767518,-1.923454
"2020-04-27 09:54:04.017 +0000",1587981244.016796,-1.895088,1.257394,-2.188081
"2020-04-27 09:54:04.027 +0000",1587981244.026776,-1.367849,0.530051,-2.481164
"2020-04-27 09:54:04.037 +0000",1587981244.036785,-0.863805,-0.247328,-2.690962
"2020-04-27 09:54:04.047 +0000",1587981244.046765,-0.401528,-0.878647,-2.763922
"2020-04-27 09:54:04.057 +0000",1587981244.056773,0.007562,-1.299950,-2.711578
"2020-04-27 09:54:04.067 +0000",1587981244.066753,0.345526,-1.545494,-2.615854
"2020-04-27 09:54:04.077 +0000",1587981244.076733,0.624666,-1.648887,-2.545228
"2020-04-27 09:54:04.087 +0000",1587981244.086741,0.849087,-1.570439,-2.502457
"2020-04-27 09:54:04.097 +0000",1587981244.096722,1.022009,-1.323191,-2.450509
"2020-04-27 09:54:04.107 +0000",1587981244.106730,1.160767,-0.941323,-2.362900
"2020-04-27 09:54:04.117 +0000",1587981244.116710,1.281467,-0.482207,-2.235642
"2020-04-27 09:54:04.127 +0000",1587981244.126719,1.390195,0.016580,-2.079358
"2020-04-27 09:54:04.137 +0000",1587981244.136699,1.484316,0.525040,-1.907176
"2020-04-27 09:54:04.147 +0000",1587981244.146708,1.587879,1.016886,-1.733990
"2020-04-27 09:54:04.157 +0000",1587981244.156687,1.723816,1.450212,-1.573679
"2020-04-27 09:54:04.167 +0000",1587981244.166696,1.866881,1.808553,-1.409352
"2020-04-27 09:54:04.177 +0000",1587981244.176676,2.003722,2.103070,-1.220275
"2020-04-27 09:54:04.187 +0000",1587981244.186656,2.149259,2.366612,-1.002953
"2020-04-27 09:54:04.197 +0000",1587981244.196666,2.304825,2.639692,-0.773099
"2020-04-27 09:54:04.207 +0000",1587981244.206644,2.456007,2.937362,-0.539108
"2020-04-27 09:54:04.217 +0000",1587981244.216654,2.583555,3.232578,-0.318858
"2020-04-27 09:54:04.227 +0000",1587981244.226633,2.680338,3.458480,-0.120843
"2020-04-27 09:54:04.237 +0000",1587981244.236642,2.746559,3.588199,0.050678
"2020-04-27 09:54:04.247 +0000",1587981244.246621,2.810688,3.598014,0.194227
"2020-04-27 09:54:04.257 +0000",1587981244.256631,2.907517,3.520316,0.321512
"2020-04-27 09:54:04.267 +0000",1587981244.266610,3.043591,3.372781,0.449844
"2020-04-27 09:54:04.277 +0000",1587981244.276620,3.212936,3.153986,0.572910
"2020-04-27 09:54:04.287 +0000",1587981244.286599,3.397356,2.861576,0.683795
"2020-04-27 09:54:04.297 +0000",1587981244.296578,3.569097,2.528000,0.773024
"2020-04-27 09:54:04.307 +0000",1587981244.306588,3.691978,2.199277,0.846670
"2020-04-27 09:54:04.317 +0000",1587981244.316567,3.773959,1.887059,0.908394
"2020-04-27 09:54:04.327 +0000",1587981244.326576,3.836200,1.622636,0.980858
"2020-04-27 09:54:04.337 +0000",1587981244.336555,3.889484,1.464995,1.076836
"2020-04-27 09:54:04.347 +0000",1587981244.346565,3.970031,1.406218,1.193330
"2020-04-27 09:54:04.357 +0000",1587981244.356544,4.098227,1.430419,1.329139
"2020-04-27 09:54:04.367 +0000",1587981244.366554,4.220217,1.512586,1.499553
"2020-04-27 09:54:04.377 +0000",1587981244.376533,4.297664,1.585914,1.674994
"2020-04-27 09:54:04.387 +0000",1587981244.386542,4.393312,1.584547,1.789376
"2020-04-27 09:54:04.397 +0000",1587981244.396521,4.502861,1.515521,1.812840
"2020-04-27 09:54:04.407 +0000",1587981244.406501,4.492074,1.371219,1.755249
"2020-04-27 09:54:04.417 +0000",1587981244.416510,4.532454,1.032829,1.619745
"2020-04-27 09:54:04.426 +0000",1587981244.426489,2.258485,3.448942,1.403380
"2020-04-27 09:54:04.436 +0000",1587981244.436499,-4.859323,0.278761,-0.042553
"2020-04-27 09:54:04.446 +0000",1587981244.446478,-5.544861,-5.152327,-1.664531
"2020-04-27 09:54:04.456 +0000",1587981244.456487,-2.379599,-3.580674,-1.597360
"2020-04-27 09:54:04.466 +0000",1587981244.466467,0.294013,1.729786,-0.987969
"2020-04-27 09:54:04.476 +0000",1587981244.476475,0.598701,2.939276,-0.050919
"2020-04-27 09:54:04.486 +0000",1587981244.486455,-0.046350,1.468315,1.098286
"2020-04-27 09:54:04.496 +0000",1587981244.496464,-0.653126,-0.127048,2.037389
"2020-04-27 09:54:04.506 +0000",1587981244.506444,-0.798803,-0.173491,2.472150
"2020-04-27 09:54:04.516 +0000",1587981244.516423,-0.669218,0.337890,2.459710
"2020-04-27 09:54:04.526 +0000",1587981244.526433,-0.722178,0.529712,2.302955
"2020-04-27 09:54:04.536 +0000",1587981244.536412,-0.914910,0.381546,2.186537
"2020-04-27 09:54:04.546 +0000",1587981244.546422,-1.049698,0.047912,2.128670
"2020-04-27 09:54:04.556 +0000",1587981244.556401,-1.140664,-0.471323,2.133294
"2020-04-27 09:54:04.566 +0000",1587981244.566411,-1.257475,-1.160745,2.201004
"2020-04-27 09:54:04.576 +0000",1587981244.576389,-1.396252,-1.873165,2.344240
"2020-04-27 09:54:04.586 +0000",1587981244.586399,-1.555416,-2.518597,2.540875
"2020-04-27 09:54:04.596 +0000",1587981244.596379,-1.742315,-3.061377,2.740004
"2020-04-27 09:54:04.606 +0000",1587981244.606388,-1.934787,-3.446968,2.889338
"2020-04-27 09:54:04.616 +0000",1587981244.616367,-2.131989,-3.594465,2.990833
"2020-04-27 09:54:04.626 +0000",1587981244.626346,-2.339449,-3.501306,3.076689
"2020-04-27 09:54:04.636 +0000",1587981244.636356,-2.549364,-3.200628,3.201844
"2020-04-27 09:54:04.646 +0000",1587981244.646335,-2.749572,-2.716059,3.372583
"2020-04-27 09:54:04.656 +0000",1587981244.656344,-2.928267,-2.095515,3.524311
"2020-04-27 09:54:04.666 +0000",1587981244.666324,-3.072839,-1.413369,3.616430
"2020-04-27 09:54:04.676 +0000",1587981244.676333,-3.210434,-0.821158,3.636710
"2020-04-27 09:54:04.686 +0000",1587981244.686312,-3.364758,-0.405453,3.587614
"2020-04-27 09:54:04.696 +0000",1587981244.696322,-3.544918,-0.136779,3.496379
"2020-04-27 09:54:04.706 +0000",1587981244.706301,-3.731923,0.013091,3.388126
"2020-04-27 09:54:04.716 +0000",1587981244.716310,-3.974508,0.068142,3.283352
"2020-04-27 09:54:04.726 +0000",1587981244.726289,-4.252892,0.030496,3.154477
"2020-04-27 09:54:04.736 +0000",1587981244.736270,-4.470452,-0.100017,2.945365
"2020-04-27 09:54:04.746 +0000",1587981244.746278,-4.574973,-0.285386,2.633400
"2020-04-27 09:54:04.756 +0000",1587981244.756258,-4.583115,-0.485649,2.271489
"2020-04-27 09:54:04.766 +0000",1587981244.766268,-4.527256,-0.649894,1.982544
"2020-04-27 09:54:04.776 +0000",1587981244.776247,-4.442865,-0.725356,1.830411
"2020-04-27 09:54:04.786 +0000",1587981244.786256,-4.352720,-0.703365,1.737248
"2020-04-27 09:54:04.796 +0000",1587981244.796236,-4.269485,-0.687227,1.553268
"2020-04-27 09:54:04.806 +0000",1587981244.806244,-4.175332,-0.671538,1.213356
"2020-04-27 09:54:04.816 +0000",1587981244.816225,-4.061498,-0.531165,0.792476
"2020-04-27 09:54:04.826 +0000",1587981244.826233,-3.956898,-0.135534,0.380143
"2020-04-27 09:54:04.836 +0000",1587981244.836213,-3.911206,0.471473,-0.001010
"2020-04-27 09:54:04.846 +0000",1587981244.846192,-3.947008,1.219953,-0.330953
"2020-04-27 09:54:04.856 +0000",1587981244.856202,-3.893734,1.974700,-0.605421
"2020-04-27 09:54:04.866 +0000",1587981244.866180,-3.666984,2.530130,-0.825270
"2020-04-27 09:54:04.876 +0000",1587981244.876190,-3.230648,2.770458,-1.077086
"2020-04-27 09:54:04.886 +0000",1587981244.886170,-2.635574,2.660414,-1.400930
"2020-04-27 09:54:04.896 +0000",1587981244.896179,-1.981351,2.230703,-1.739069
"2020-04-27 09:54:04.906 +0000",1587981244.906158,-1.366971,1.605528,-2.020035
"2020-04-27 09:54:04.916 +0000",1587981244.916168,-0.814915,0.948391,-2.231260
"2020-04-27 09:54:04.926 +0000",1587981244.926147,-0.325246,0.368798,-2.387768
"2020-04-27 09:54:04.936 +0000",1587981244.936157,0.100460,-0.071304,-2.507359
"2020-04-27 09:54:04.946 +0000",1587981244.946136,0.429481,-0.339530,-2.602566
"2020-04-27 09:54:04.956 +0000",1587981244.956115,0.664587,-0.438383,-2.673678
"2020-04-27 09:54:04.966 +0000",1587981244.966124,0.838509,-0.392578,-2.726187
"2020-04-27 09:54:04.976 +0000",1587981244.976103,0.980962,-0.233811,-2.753409
"2020-04-27 09:54:04.986 +0000",1587981244.986113,1.100647,0.002043,-2.748533
"2020-04-27 09:54:04.996 +0000",1587981244.996091,1.209803,0.283239,-2.699313
"2020-04-27 09:54:05.006 +0000",1587981245.006102,1.304141,0.571819,-2.610750
"2020-04-27 09:54:05.016 +0000",1587981245.016080,1.368401,0.858623,-2.494543
"2020-04-27 09:54:05.026 +0000",1587981245.026090,1.395834,1.169327,-2.381684
"2020-04-27 09:54:05.036 +0000",1587981245.036069,1.444665,1.514570,-2.341547
"2020-04-27 09:54:05.046 +0000",1587981245.046079,1.545023,1.870673,-2.383571
"2020-04-27 09:54:05.056 +0000",1587981245.056058,1.693627,2.153630,-2.452303
"2020-04-27 09:54:05.066 +0000",1587981245.066038,1.850441,2.320892,-2.480674
"2020-04-27 09:54:05.076 +0000",1587981245.076047,1.988677,2.407475,-2.416596
"2020-04-27 09:54:05.086 +0000",1587981245.086027,2.108306,2.455446,-2.263067
"2020-04-27 09:54:05.096 +0000",1587981245.096035,2.232986,2.496870,-2.064707
"2020-04-27 09:54:05.106 +0000",1587981245.106016,2.343142,2.531883,-1.867450
"2020-04-27 09:54:05.116 +0000",1587981245.116024,2.420139,2.575611,-1.694513
"2020-04-27 09:54:05.126 +0000",1587981245.126004,2.493810,2.641182,-1.550138
"2020-04-27 09:54:05.136 +0000",1587981245.136013,2.585474,2.697874,-1.417043
"2020-04-27 09:54:05.146 +0000",1587981245.145993,2.715808,2.742762,-1.272039
"2020-04-27 09:54:05.156 +0000",1587981245.156002,2.889199,2.769042,-1.102525
"2020-04-27 09:54:05.166 +0000",1587981245.165982,3.092275,2.758650,-0.909554
"2020-04-27 09:54:05.176 +0000",1587981245.175961,3.323884,2.726805,-0.714534
"2020-04-27 09:54:05.186 +0000",1587981245.185971,3.549762,2.695435,-0.552933
"2020-04-27 09:54:05.196 +0000",1587981245.195949,3.741549,2.697014,-0.429237
"2020-04-27 09:54:05.206 +0000",1587981245.205959,3.882608,2.727638,-0.323222
"2020-04-27 09:54:05.216 +0000",1587981245.215938,3.991734,2.766735,-0.196813
"2020-04-27 09:54:05.226 +0000",1587981245.225947,4.089535,2.786513,-0.042356
"2020-04-27 09:54:05.236 +0000",1587981245.235926,4.213176,2.780518,0.148800
"2020-04-27 09:54:05.246 +0000",1587981245.245936,4.387554,2.746926,0.366392
"2020-04-27 09:54:05.256 +0000",1587981245.255915,4.591854,2.695157,0.593362
"2020-04-27 09:54:05.266 +0000",1587981245.265925,4.803048,2.620833,0.811402
"2020-04-27 09:54:05.276 +0000",1587981245.275904,4.977753,2.525750,1.019536
"2020-04-27 09:54:05.286 +0000",1587981245.285883,5.077840,2.396397,1.226041
"2020-04-27 09:54:05.296 +0000",1587981245.295892,5.121722,2.252482,1.421443
"2020-04-27 09:54:05.306 +0000",1587981245.305871,5.151608,2.097147,1.586576
"2020-04-27 09:54:05.316 +0000",1587981245.315881,5.138465,1.913767,1.707565
"2020-04-27 09:54:05.326 +0000",1587981245.325860,5.352795,1.247414,1.685490
"2020-04-27 09:54:05.336 +0000",1587981245.335870,3.077558,3.323777,1.613664
"2020-04-27 09:54:05.346 +0000",1587981245.345849,-3.310735,2.121974,0.640050
"2020-04-27 09:54:05.356 +0000",1587981245.355859,-5.755280,-1.915007,-0.358515
"2020-04-27 09:54:05.366 +0000",1587981245.365837,-3.680808,-2.581857,-0.748049
"2020-04-27 09:54:05.376 +0000",1587981245.375816,-1.160645,0.980107,-0.663669
"2020-04-27 09:54:05.386 +0000",1587981245.385826,-0.325765,2.407788,-0.583775
"2020-04-27 09:54:05.396 +0000",1587981245.395806,-0.641963,0.791299,-0.235389
"2020-04-27 09:54:05.406 +0000",1587981245.405816,-1.293551,-1.425595,0.323480
"2020-04-27 09:54:05.416 +0000",1587981245.415794,-1.220492,-2.094849,0.911979
"2020-04-27 09:54:05.426 +0000",1587981245.425803,-0.758543,-1.841526,1.379879
"2020-04-27 09:54:05.436 +0000",1587981245.435782,-0.546903,-1.543545,1.674755
"2020-04-27 09:54:05.446 +0000",1587981245.445793,-0.620376,-1.418867,1.769472
"2020-04-27 09:54:05.456 +0000",1587981245.455772,-0.759457,-1.273861,1.716683
"2020-04-27 09:54:05.466 +0000",1587981245.465781,-0.820415,-0.998255,1.664664
"2020-04-27 09:54:05.476 +0000",1587981245.475761,-0.864471,-0.709418,1.745607
"2020-04-27 09:54:05.486 +0000",1587981245.485740,-1.007788,-0.509541,1.977554
"2020-04-27 09:54:05.496 +0000",1587981245.495750,-1.240991,-0.439476,2.269609
"2020-04-27 09:54:05.506 +0000",1587981245.505728,-1.510437,-0.513711,2.524365
"2020-04-27 09:54:05.516 +0000",1587981245.515738,-1.781074,-0.705702,2.694538
"2020-04-27 09:54:05.526 +0000",1587981245.525717,-2.037672,-0.922831,2.789471
"2020-04-27 09:54:05.536 +0000",1587981245.535727,-2.261405,-1.118879,2.850654
"2020-04-27 09:54:05.546 +0000",1587981245.545706,-2.433887,-1.326771,2.895368
"2020-04-27 09:54:05.556 +0000",1587981245.555716,-2.551576,-1.577565,2.920230
"2020-04-27 09:54:05.566 +0000",1587981245.565695,-2.645697,-1.873287,2.914301
"2020-04-27 09:54:05.576 +0000",1587981245.575705,-2.743597,-2.185928,2.882148
"2020-04-27 09:54:05.586 +0000",1587981245.585683,-2.844506,-2.416707,2.853746
"2020-04-27 09:54:05.596 +0000",1587981245.595662,-2.913954,-2.470165,2.855410
"2020-04-27 09:54:05.606 +0000",1587981245.605673,-2.953927,-2.303988,2.889655
"2020-04-27 09:54:05.616 +0000",1587981245.615651,-2.970222,-1.981777,2.940877
"2020-04-27 09:54:05.626 +0000",1587981245.625661,-2.970053,-1.610315,2.979668
"2020-04-27 09:54:05.636 +0000",1587981245.635640,-2.959000,-1.250480,2.982251
"2020-04-27 09:54:05.646 +0000",1587981245.645649,-2.991561,-0.916001,2.950382
"2020-04-27 09:54:05.656 +0000",1587981245.655629,-3.076307,-0.644029,2.879178
"2020-04-27 09:54:05.666 +0000",1587981245.665638,-3.180184,-0.470521,2.731996
"2020-04-27 09:54:05.676 +0000",1587981245.675617,-3.274837,-0.377959,2.505841
"2020-04-27 09:54:05.686 +0000",1587981245.685627,-3.370150,-0.353172,2.228147
"2020-04-27 09:54:05.696 +0000",1587981245.695606,-3.461824,-0.354892,1.922879
"2020-04-27 09:54:05.706 +0000",1587981245.705585,-3.515225,-0.321542,1.593193
"2020-04-27 09:54:05.716 +0000",1587981245.715595,-3.527158,-0.162916,1.225940
"2020-04-27 09:54:05.726 +0000",1587981245.725574,-3.501468,0.162402,0.814660
"2020-04-27 09:54:05.736 +0000",1587981245.735600,-3.442087,0.643105,0.350258
"2020-04-27 09:54:05.746 +0000",1587981245.745580,-3.383305,1.206112,-0.122713
"2020-04-27 09:54:05.756 +0000",1587981245.755590,-3.368693,1.754647,-0.529753
"2020-04-27 09:54:05.766 +0000",1587981245.765568,-3.308218,2.178379,-0.876553
"2020-04-27 09:54:05.776 +0000",1587981245.775578,-3.111809,2.421907,-1.212610
"2020-04-27 09:54:05.786 +0000",1587981245.785558,-2.788362,2.483016,-1.554199
"2020-04-27 09:54:05.796 +0000",1587981245.795567,-2.367006,2.374421,-1.890344
"2020-04-27 09:54:05.806 +0000",1587981245.805546,-1.853240,2.182148,-2.188702
"2020-04-27 09:54:05.816 +0000",1587981245.815526,-1.308045,2.003499,-2.419850
"2020-04-27 09:54:05.826 +0000",1587981245.825535,-0.810973,1.862828,-2.575248
"2020-04-27 09:54:05.836 +0000",1587981245.835515,-0.458404,1.796875,-2.651142
"2020-04-27 09:54:05.846 +0000",1587981245.845524,-0.194999,1.785770,-2.664450
"2020-04-27 09:54:05.856 +0000",1587981245.855504,0.059287,1.775227,-2.622104
"2020-04-27 09:54:05.866 +0000",1587981245.865513,0.332470,1.723118,-2.552328
"2020-04-27 09:54:05.875 +0000",1587981245.875492,0.590595,1.619673,-2.484169
"2020-04-27 09:54:05.886 +0000",1587981245.885502,0.823451,1.477469,-2.451530
"2020-04-27 09:54:05.895 +0000",1587981245.895481,1.020590,1.349046,-2.443721
"2020-04-27 09:54:05.905 +0000",1587981245.905490,1.160269,1.234794,-2.445873
"2020-04-27 09:54:05.915 +0000",1587981245.915469,1.249803,1.113324,-2.447758
"2020-04-27 09:54:05.925 +0000",1587981245.925449,1.302562,0.991278,-2.452449
"2020-04-27 09:54:05.935 +0000",1587981245.935458,1.327550,0.904366,-2.469202
"2020-04-27 09:54:05.945 +0000",1587981245.945438,1.328763,0.887310,-2.485016
"2020-04-27 09:54:05.955 +0000",1587981245.955447,1.313500,0.949903,-2.482845
"2020-04-27 09:54:05.965 +0000",1587981245.965426,1.297753,1.099001,-2.435905
"2020-04-27 09:54:05.975 +0000",1587981245.975436,1.281911,1.327657,-2.343587
"2020-04-27 09:54:05.985 +0000",1587981245.985414,1.266069,1.604388,-2.216877
"2020-04-27 09:54:05.995 +0000",1587981245.995425,1.256561,1.910496,-2.078885
"2020-04-27 09:54:06.005 +0000",1587981246.005404,1.285851,2.227418,-1.940272
"2020-04-27 09:54:06.015 +0000",1587981246.015413,1.370009,2.525666,-1.797467
"2020-04-27 09:54:06.025 +0000",1587981246.025392,1.499000,2.777102,-1.632952
"2020-04-27 09:54:06.035 +0000",1587981246.035371,1.647207,2.954560,-1.441272
"2020-04-27 09:54:06.045 +0000",1587981246.045381,1.814849,3.045883,-1.233109
"2020-04-27 09:54:06.055 +0000",1587981246.055360,1.992463,3.089225,-1.001149
"2020-04-27 09:54:06.065 +0000",1587981246.065369,2.175143,3.099346,-0.744518
"2020-04-27 09:54:06.075 +0000",1587981246.075348,2.387486,3.088334,-0.483969
"2020-04-27 09:54:06.085 +0000",1587981246.085358,2.642980,3.080699,-0.243372
"2020-04-27 09:54:06.095 +0000",1587981246.095337,2.915890,3.049655,-0.028489
"2020-04-27 09:54:06.105 +0000",1587981246.105347,3.163507,2.958074,0.170616
"2020-04-27 09:54:06.115 +0000",1587981246.115326,3.376019,2.780769,0.373637
"2020-04-27 09:54:06.125 +0000",1587981246.125335,3.557143,2.548728,0.586898
"2020-04-27 09:54:06.135 +0000",1587981246.135315,3.729682,2.294632,0.810139
"2020-04-27 09:54:06.145 +0000",1587981246.145295,3.903045,2.041649,1.033773
"2020-04-27 09:54:06.155 +0000",1587981246.155304,4.071429,1.796902,1.250167
"2020-04-27 09:54:06.165 +0000",1587981246.165283,4.221493,1.556528,1.457135
"2020-04-27 09:54:06.175 +0000",1587981246.175292,4.339460,1.309314,1.653925
"2020-04-27 09:54:06.185 +0000",1587981246.185272,4.440574,1.076149,1.824296
"2020-04-27 09:54:06.195 +0000",1587981246.195281,4.574065,0.866948,1.942440
"2020-04-27 09:54:06.205 +0000",1587981246.205261,4.790619,0.618957,2.014056
"2020-04-27 09:54:06.215 +0000",1587981246.215269,5.085734,0.342480,2.056698
"2020-04-27 09:54:06.225 +0000",1587981246.225250,5.373712,0.092427,2.102051
"2020-04-27 09:54:06.235 +0000",1587981246.235258,5.553460,-0.088713,2.154070
"2020-04-27 09:54:06.245 +0000",1587981246.245237,5.324711,-0.151358,2.087351
"2020-04-27 09:54:06.255 +0000",1587981246.255217,1.080544,1.612230,1.107379
"2020-04-27 09:54:06.265 +0000",1587981246.265227,-4.905059,-2.180983,-0.468689
"2020-04-27 09:54:06.275 +0000",1587981246.275205,-4.284367,-5.952881,-1.698069
"2020-04-27 09:54:06.285 +0000",1587981246.285216,-1.301412,-2.689844,-1.311951
"2020-04-27 09:54:06.295 +0000",1587981246.295194,0.614351,1.563905,-0.762038
"2020-04-27 09:54:06.305 +0000",1587981246.305205,0.543048,2.018359,0.054225
"2020-04-27 09:54:06.315 +0000",1587981246.315183,-0.060767,0.474235,0.819375
"2020-04-27 09:54:06.325 +0000",1587981246.325193,-0.427002,-0.125550,1.270182
"2020-04-27 09:54:06.335 +0000",1587981246.335172,-0.430878,0.627052,1.534090
"2020-04-27 09:54:06.345 +0000",1587981246.345182,-0.488297,1.420807,1.703091
"2020-04-27 09:54:06.355 +0000",1587981246.355161,-0.685777,1.709792,1.742205
"2020-04-27 09:54:06.365 +0000",1587981246.365139,-0.741952,1.621505,1.624638
"2020-04-27 09:54:06.375 +0000",1587981246.375149,-0.747108,1.304213,1.478128
"2020-04-27 09:54:06.385 +0000",1587981246.385129,-0.866816,0.763754,1.416877
"2020-04-27 09:54:06.395 +0000",1587981246.395138,-1.107878,0.062527,1.480611
"2020-04-27 09:54:06.405 +0000",1587981246.405117,-1.396504,-0.688224,1.641442
"2020-04-27 09:54:06.415 +0000",1587981246.415127,-1.671160,-1.374184,1.831907
"2020-04-27 09:54:06.425 +0000",1587981246.425105,-1.898724,-1.961110,1.990807
"2020-04-27 09:54:06.435 +0000",1587981246.435116,-2.093303,-2.435246,2.095165
"2020-04-27 09:54:06.445 +0000",1587981246.445094,-2.272139,-2.800701,2.177443
"2020-04-27 09:54:06.455 +0000",1587981246.455105,-2.433774,-3.047403,2.273802
"2020-04-27 09:54:06.465 +0000",1587981246.465083,-2.553843,-3.202856,2.384234
"2020-04-27 09:54:06.475 +0000",1587981246.475063,-2.614992,-3.239388,2.515802
"2020-04-27 09:54:06.485 +0000",1587981246.485072,-2.651139,-3.091347,2.695425
"2020-04-27 09:54:06.495 +0000",1587981246.495051,-2.700059,-2.714271,2.925356
"2020-04-27 09:54:06.505 +0000",1587981246.505060,-2.771590,-2.093808,3.184389
"2020-04-27 09:54:06.515 +0000",1587981246.515040,-2.848723,-1.308612,3.411608
"2020-04-27 09:54:06.525 +0000",1587981246.525049,-2.922986,-0.503628,3.565107
"2020-04-27 09:54:06.535 +0000",1587981246.535029,-2.995014,0.212432,3.649550
"2020-04-27 09:54:06.545 +0000",1587981246.545038,-3.102720,0.769032,3.678720
"2020-04-27 09:54:06.555 +0000",1587981246.555018,-3.257693,1.130814,3.643806
"2020-04-27 09:54:06.565 +0000",1587981246.565026,-3.445675,1.271934,3.548763
"2020-04-27 09:54:06.575 +0000",1587981246.575034,-3.657592,1.190872,3.372622
"2020-04-27 09:54:06.585 +0000",1587981246.584986,-3.839078,0.937408,3.120741
"2020-04-27 09:54:06.595 +0000",1587981246.594995,-3.940311,0.560644,2.788960
"2020-04-27 09:54:06.605 +0000",1587981246.604974,-3.942738,0.181447,2.412253
"2020-04-27 09:54:06.615 +0000",1587981246.614984,-3.868936,-0.088918,2.055974
"2020-04-27 09:54:06.625 +0000",1587981246.624963,-3.745773,-0.167719,1.781835
"2020-04-27 09:54:06.635 +0000",1587981246.634973,-3.638295,-0.024449,1.580134
"2020-04-27 09:54:06.645 +0000",1587981246.644952,-3.641834,0.316630,1.410312
"2020-04-27 09:54:06.655 +0000",1587981246.654961,-3.755981,0.805735,1.223238
"2020-04-27 09:54:06.665 +0000",1587981246.664940,-3.879649,1.423080,0.935456
"2020-04-27 09:54:06.675 +0000",1587981246.674950,-3.934462,2.108878,0.508671
"2020-04-27 09:54:06.685 +0000",1587981246.684929,-3.829326,2.722833,-0.007274
"2020-04-27 09:54:06.695 +0000",1587981246.694908,-3.561100,3.044442,-0.496786
"2020-04-27 09:54:06.705 +0000",1587981246.704918,-3.155330,2.995899,-0.909752
"2020-04-27 09:54:06.715 +0000",1587981246.714896,-2.655405,2.662510,-1.281764
"2020-04-27 09:54:06.725 +0000",1587981246.724906,-2.123724,2.201988,-1.589116
"2020-04-27 09:54:06.735 +0000",1587981246.734889,-1.600003,1.713931,-1.807713
"2020-04-27 09:54:06.745 +0000",1587981246.744898,-1.078658,1.262288,-1.951213
"2020-04-27 09:54:06.755 +0000",1587981246.754877,-0.595016,0.853970,-2.045985
"2020-04-27 09:54:06.765 +0000",1587981246.764887,-0.134946,0.444159,-2.154053
"2020-04-27 09:54:06.775 +0000",1587981246.774866,0.293864,0.033450,-2.290539
"2020-04-27 09:54:06.785 +0000",1587981246.784876,0.643730,-0.316189,-2.415258
"2020-04-27 09:54:06.795 +0000",1587981246.794855,0.926900,-0.570338,-2.506761
"2020-04-27 09:54:06.805 +0000",1587981246.804835,1.150302,-0.710042,-2.568441
"2020-04-27 09:54:06.815 +0000",1587981246.814844,1.329815,-0.723520,-2.614171
"2020-04-27 09:54:06.825 +0000",1587981246.824824,1.461643,-0.597491,-2.657379
"2020-04-27 09:54:06.835 +0000",1587981246.834832,1.558547,-0.348229,-2.680604
"2020-04-27 09:54:06.845 +0000",1587981246.844812,1.617003,-0.012563,-2.672152
"2020-04-27 09:54:06.855 +0000",1587981246.854821,1.638984,0.383496,-2.619635
"2020-04-27 09:54:06.865 +0000",1587981246.864801,1.650941,0.793626,-2.524276
"2020-04-27 09:54:06.875 +0000",1587981246.874810,1.681287,1.180486,-2.422982
"2020-04-27 09:54:06.885 +0000",1587981246.884790,1.715586,1.514065,-2.320543
"2020-04-27 09:54:06.895 +0000",1587981246.894769,1.760477,1.805197,-2.217967
"2020-04-27 09:54:06.905 +0000",1587981246.904779,1.824210,2.062959,-2.098639
"2020-04-27 09:54:06.915 +0000",1587981246.914758,1.914913,2.309618,-1.957664
"2020-04-27 09:54:06.925 +0000",1587981246.924767,2.016184,2.530379,-1.787594
"2020-04-27 09:54:06.935 +0000",1587981246.934746,2.105364,2.699522,-1.610108
"2020-04-27 09:54:06.945 +0000",1587981246.944756,2.190989,2.814655,-1.445578
"2020-04-27 09:54:06.955 +0000",1587981246.954735,2.263532,2.882376,-1.291944
"2020-04-27 09:54:06.965 +0000",1587981246.964745,2.331414,2.905422,-1.146023
"2020-04-27 09:54:06.975 +0000",1587981246.974724,2.407510,2.876889,-1.001097
"2020-04-27 09:54:06.985 +0000",1587981246.984733,2.509457,2.794381,-0.845104
"2020-04-27 09:54:06.995 +0000",1587981246.994713,2.641374,2.677663,-0.674821
"2020-04-27 09:54:07.005 +0000",1587981247.004692,2.803126,2.548520,-0.495639
"2020-04-27 09:54:07.015 +0000",1587981247.014701,2.980842,2.420831,-0.310250
"2020-04-27 09:54:07.025 +0000",1587981247.024679,3.159678,2.292002,-0.118928
"2020-04-27 09:54:07.035 +0000",1587981247.034690,3.331565,2.191866,0.073916
"2020-04-27 09:54:07.045 +0000",1587981247.044669,3.489204,2.135973,0.266748
"2020-04-27 09:54:07.055 +0000",1587981247.054678,3.626992,2.115460,0.455168
"2020-04-27 09:54:07.065 +0000",1587981247.064657,3.739635,2.103638,0.636228
"2020-04-27 09:54:07.075 +0000",1587981247.074667,3.833890,2.041533,0.794910
"2020-04-27 09:54:07.085 +0000",1587981247.084646,3.930992,1.918417,0.910905
"2020-04-27 09:54:07.095 +0000",1587981247.094656,4.033720,1.747681,0.990286
"2020-04-27 09:54:07.105 +0000",1587981247.104635,4.143775,1.566088,1.046144
"2020-04-27 09:54:07.115 +0000",1587981247.114614,4.252151,1.375365,1.098406
"2020-04-27 09:54:07.125 +0000",1587981247.124623,4.333521,1.212331,1.147510
"2020-04-27 09:54:07.135 +0000",1587981247.134603,4.373090,1.097799,1.182112
"2020-04-27 09:54:07.145 +0000",1587981247.144612,4.369628,0.999169,1.177737
"2020-04-27 09:54:07.155 +0000",1587981247.154592,4.277997,0.880394,1.133858
"2020-04-27 09:54:07.165 +0000",1587981247.164601,4.264620,0.743534,1.034369
"2020-04-27 09:54:07.175 +0000",1587981247.174581,1.395545,3.306020,0.857802
"2020-04-27 09:54:07.185 +0000",1587981247.184589,-4.294012,1.430712,-0.127829
"2020-04-27 09:54:07.195 +0000",1587981247.194569,-4.781260,-2.638595,-1.706867
"2020-04-27 09:54:07.205 +0000",1587981247.204578,-1.326177,-1.590759,-1.922599
"2020-04-27 09:54:07.215 +0000",1587981247.214558,0.478060,2.898249,-1.447812
"2020-04-27 09:54:07.225 +0000",1587981247.224537,0.053954,3.913242,-0.456061
"2020-04-27 09:54:07.235 +0000",1587981247.234547,-0.100337,2.330662,0.590631
"2020-04-27 09:54:07.245 +0000",1587981247.244525,-0.043282,0.974386,1.227974
"2020-04-27 09:54:07.255 +0000",1587981247.254536,-0.091931,1.338878,1.418911
"2020-04-27 09:54:07.265 +0000",1587981247.264515,-0.185177,1.784449,1.154516
"2020-04-27 09:54:07.275 +0000",1587981247.274524,-0.328095,1.348521,0.571573
"2020-04-27 09:54:07.285 +0000",1587981247.284504,-0.488222,0.554128,0.024384
"2020-04-27 09:54:07.295 +0000",1587981247.294513,-0.646675,-0.210471,-0.207508
"2020-04-27 09:54:07.304 +0000",1587981247.304492,-0.802298,-0.837315,-0.162368
"2020-04-27 09:54:07.315 +0000",1587981247.314502,-0.898164,-1.198261,-0.084503
"2020-04-27 09:54:07.324 +0000",1587981247.324480,-0.921784,-1.266156,-0.151949
"2020-04-27 09:54:07.334 +0000",1587981247.334459,-0.960408,-1.108872,-0.343552
"2020-04-27 09:54:07.344 +0000",1587981247.344469,-1.021044,-0.764203,-0.509136
"2020-04-27 09:54:07.354 +0000",1587981247.354448,-1.113694,-0.265206,-0.558493
"2020-04-27 09:54:07.364 +0000",1587981247.364458,-1.212837,0.310161,-0.564182
"2020-04-27 09:54:07.374 +0000",1587981247.374437,-1.310056,0.869742,-0.618799
"2020-04-27 09:54:07.384 +0000",1587981247.384448,-1.411304,1.411147,-0.743858
"2020-04-27 09:54:07.394 +0000",1587981247.394426,-1.460607,1.975578,-0.895662
"2020-04-27 09:54:07.404 +0000",1587981247.404436,-1.449121,2.563890,-1.044950
"2020-04-27 09:54:07.414 +0000",1587981247.414414,-1.407970,3.153852,-1.134617
"2020-04-27 09:54:07.424 +0000",1587981247.424425,-1.363489,3.700152,-1.154927
"2020-04-27 09:54:07.434 +0000",1587981247.434403,-1.326516,4.143368,-1.131369
"2020-04-27 09:54:07.444 +0000",1587981247.444382,-1.303735,4.461260,-1.099462
"2020-04-27 09:54:07.454 +0000",1587981247.454392,-1.323124,4.635874,-1.060415
"2020-04-27 09:54:07.464 +0000",1587981247.464371,-1.348719,4.631905,-1.028768
"2020-04-27 09:54:07.474 +0000",1587981247.474380,-1.338397,4.418491,-1.027147
"2020-04-27 09:54:07.484 +0000",1587981247.484360,-1.282354,4.011931,-1.073175
"2020-04-27 09:54:07.494 +0000",1587981247.494369,-1.207404,3.537326,-1.139870
"2020-04-27 09:54:07.504 +0000",1587981247.504348,-1.132951,3.091415,-1.186413
"2020-04-27 09:54:07.514 +0000",1587981247.514358,-1.077396,2.677067,-1.188858
"2020-04-27 09:54:07.524 +0000",1587981247.524338,-1.022776,2.295993,-1.132967
"2020-04-27 09:54:07.534 +0000",1587981247.534346,-0.944213,1.938752,-1.029228
"2020-04-27 09:54:07.544 +0000",1587981247.544326,-0.863982,1.522164,-0.926847
"2020-04-27 09:54:07.554 +0000",1587981247.554306,-0.785539,1.019747,-0.860421
"2020-04-27 09:54:07.564 +0000",1587981247.564315,-0.679570,0.473436,-0.828114
"2020-04-27 09:54:07.574 +0000",1587981247.574294,-0.556887,-0.032534,-0.797555
"2020-04-27 09:54:07.584 +0000",1587981247.584304,-0.440965,-0.458109,-0.745740
"2020-04-27 09:54:07.594 +0000",1587981247.594283,-0.328764,-0.771823,-0.655962
"2020-04-27 09:54:07.604 +0000",1587981247.604293,-0.218799,-0.943450,-0.543953
"2020-04-27 09:54:07.614 +0000",1587981247.614272,-0.124304,-0.967949,-0.417620
"2020-04-27 09:54:07.624 +0000",1587981247.624281,-0.061281,-0.846531,-0.283527
"2020-04-27 09:54:07.634 +0000",1587981247.634260,-0.030215,-0.638665,-0.157304
"2020-04-27 09:54:07.644 +0000",1587981247.644270,-0.024572,-0.379774,-0.053067
"2020-04-27 09:54:07.654 +0000",1587981247.654250,-0.017344,-0.089582,0.037659
"2020-04-27 09:54:07.664 +0000",1587981247.664227,-0.009296,0.189646,0.121311
"2020-04-27 09:54:07.674 +0000",1587981247.674237,0.001780,0.404562,0.189127
"2020-04-27 09:54:07.684 +0000",1587981247.684216,0.020768,0.530657,0.226486
"2020-04-27 09:54:07.694 +0000",1587981247.694227,0.050311,0.585314,0.233165
"2020-04-27 09:54:07.704 +0000",1587981247.704206,0.079144,0.572197,0.212733
"2020-04-27 09:54:07.714 +0000",1587981247.714216,0.105811,0.526027,0.194130
"2020-04-27 09:54:07.724 +0000",1587981247.724194,0.131590,0.458465,0.187263
"2020-04-27 09:54:07.734 +0000",1587981247.734204,0.148972,0.380767,0.188521
"2020-04-27 09:54:07.744 +0000",1587981247.744177,0.160912,0.291141,0.187942
"2020-04-27 09:54:07.754 +0000",1587981247.754187,0.173687,0.198933,0.174860
"2020-04-27 09:54:07.764 +0000",1587981247.764166,0.184570,0.127909,0.158159
"2020-04-27 09:54:07.774 +0000",1587981247.774144,0.195545,0.073721,0.148473
"2020-04-27 09:54:07.784 +0000",1587981247.784154,0.208607,0.028844,0.150265
"2020-04-27 09:54:07.794 +0000",1587981247.794133,0.221912,0.008400,0.158753
"2020-04-27 09:54:07.804 +0000",1587981247.804143,0.224739,0.003308,0.166844
"2020-04-27 09:54:07.814 +0000",1587981247.814122,0.219750,0.029699,0.165041
"2020-04-27 09:54:07.824 +0000",1587981247.824132,0.207729,0.093764,0.157737
"2020-04-27 09:54:07.834 +0000",1587981247.834111,0.181776,0.160529,0.133202
"2020-04-27 09:54:07.844 +0000",1587981247.844121,0.153643,0.215935,0.108928
"2020-04-27 09:54:07.854 +0000",1587981247.854100,0.130142,0.273624,0.099866
"2020-04-27 09:54:07.864 +0000",1587981247.864109,0.120378,0.308471,0.103688
"2020-04-27 09:54:07.874 +0000",1587981247.874088,0.117285,0.301551,0.101764
"2020-04-27 09:54:07.884 +0000",1587981247.884068,0.119916,0.269536,0.100501
"2020-04-27 09:54:07.894 +0000",1587981247.894077,0.117431,0.227201,0.105072
"2020-04-27 09:54:07.904 +0000",1587981247.904057,0.117784,0.168763,0.115107
"2020-04-27 09:54:07.914 +0000",1587981247.914066,0.136855,0.095580,0.114174
"2020-04-27 09:54:07.924 +0000",1587981247.924046,0.147250,0.031558,0.098559
"2020-04-27 09:54:07.934 +0000",1587981247.934055,0.142484,0.003227,0.078135
"2020-04-27 09:54:07.944 +0000",1587981247.944034,0.125642,0.014247,0.066863
"2020-04-27 09:54:07.954 +0000",1587981247.954044,0.109019,0.050502,0.066917
"2020-04-27 09:54:07.964 +0000",1587981247.964023,0.095378,0.095458,0.079068
"2020-04-27 09:54:07.974 +0000",1587981247.974033,0.083806,0.109321,0.088741
"2020-04-27 09:54:07.984 +0000",1587981247.984011,0.087422,0.097174,0.089163
"2020-04-27 09:54:07.994 +0000",1587981247.993990,0.092519,0.083239,0.084403
"2020-04-27 09:54:08.004 +0000",1587981248.004000,0.100841,0.063458,0.064007
"2020-04-27 09:54:08.014 +0000",1587981248.013979,0.096434,0.040108,0.040895
"2020-04-27 09:54:08.024 +0000",1587981248.023989,0.082516,0.035310,0.024904
"2020-04-27 09:54:08.034 +0000",1587981248.033968,0.069881,0.050079,0.023259
"2020-04-27 09:54:08.044 +0000",1587981248.043978,0.066867,0.077378,0.024784
"2020-04-27 09:54:08.054 +0000",1587981248.053957,0.062977,0.075580,0.020699
"2020-04-27 09:54:08.064 +0000",1587981248.063966,0.059486,0.069968,0.013166
"2020-04-27 09:54:08.074 +0000",1587981248.073946,0.064880,0.058964,-0.000741
"2020-04-27 09:54:08.084 +0000",1587981248.083924,0.065466,0.033966,-0.017929
"2020-04-27 09:54:08.094 +0000",1587981248.093934,0.068074,0.015876,-0.029217
"2020-04-27 09:54:08.104 +0000",1587981248.103913,0.074552,0.002331,-0.032826
"2020-04-27 09:54:08.114 +0000",1587981248.113923,0.082969,-0.003978,-0.028355
"2020-04-27 09:54:08.124 +0000",1587981248.123902,0.081644,-0.000349,-0.021029
"2020-04-27 09:54:08.134 +0000",1587981248.133911,0.072534,0.008344,-0.018936
"2020-04-27 09:54:08.144 +0000",1587981248.143890,0.067231,0.017508,-0.018912
"2020-04-27 09:54:08.154 +0000",1587981248.153900,0.063851,0.032305,-0.013804
"2020-04-27 09:54:08.164 +0000",1587981248.163879,0.066122,0.037347,-0.003132
"2020-04-27 09:54:08.174 +0000",1587981248.173889,0.065617,0.036581,0.012818
"2020-04-27 09:54:08.184 +0000",1587981248.183868,0.067390,0.040240,0.029607
"2020-04-27 09:54:08.194 +0000",1587981248.193848,0.068785,0.045958,0.032515
"2020-04-27 09:54:08.204 +0000",1587981248.203857,0.064159,0.052941,0.019597
"2020-04-27 09:54:08.214 +0000",1587981248.213836,0.046411,0.073824,0.007424
"2020-04-27 09:54:08.224 +0000",1587981248.223845,0.010539,0.119226,0.005719
